{
	"description": "项目配置文件。",
	"packOptions": {
		"ignore": []
	},
	"setting": {
		"urlCheck": true,
		"es6": true,
		"enhance": false,
		"postcss": true,
		"preloadBackgroundData": false,
		"minified": true,
		"newFeature": true,
		"coverView": true,
		"nodeModules": false,
		"autoAudits": false,
		"showShadowRootInWxmlPanel": true,
		"scopeDataCheck": false,
		"uglifyFileName": false,
		"checkInvalidKey": true,
		"checkSiteMap": true,
		"uploadWithSourceMap": true,
		"compileHotReLoad": false,
		"babelSetting": {
			"ignore": [],
			"disablePlugins": [],
			"outputPath": ""
		},
		"useIsolateContext": true,
		"useCompilerModule": true,
		"userConfirmedUseCompilerModuleSwitch": false,
		"useMultiFrameRuntime": false,
		"useApiHook": true,
		"enableEngineNative": false,
		"packNpmManually": false,
		"packNpmRelationList": [],
		"minifyWXSS": true
	},
	"compileType": "miniprogram",
	"libVersion": "2.4.3",
	"appid": "wx8bbf5e05483c3638",
	"projectname": "%E7%BE%8E%E5%9B%A2",
	"isGameTourist": false,
	"simulatorType": "wechat",
	"simulatorPluginLibVersion": {},
	"condition": {
		"search": {
			"list": []
		},
		"conversation": {
			"list": []
		},
		"plugin": {
			"list": []
		},
		"game": {
			"currentL": -1,
			"list": []
		},
		"miniprogram": {
			"list": [
				{
					"id": -1,
					"name": "upload",
					"pathName": "pages/index/index"
				}
			]
		}
	}
}